type,name,module,path,hash
"yaml","manifest","_config","_config/manifest.yaml","0ac355e4ee4ec7b4483c2f449312a5c5968eff683052b951a394535085ddbcb3"
"csv","module-help","bmb","bmb/bmad-bmb-setup/assets/module-help.csv","b020c8e50d17320ed661bd50d67829bf4b9602ed3db69565f1c1dd2cc92fb8f3"
"csv","module-help","bmb","bmb/bmad-module-builder/assets/setup-skill-template/assets/module-help.csv","c1b5f6c5aed4c2367d9def8e564b81a56a2da2959a4899333113033e36b69e62"
"csv","module-help","bmb","bmb/module-help.csv","fe5c030134a6019d6a8c9e609ca6c196cd5f469aac8b9711145257a966f14b7e"
"file","Dockerfile","bmb","bmb/bmad-eval-runner/assets/Dockerfile","510c6c0b6aca8e78845ea836fa17e65d1a15babdf10f397a7dc62ed8b08a479d"
"md","agent-type-guidance","bmb","bmb/bmad-agent-builder/references/agent-type-guidance.md","48effe173e706b06d282e20506e491f7df94491c6b8e1fdb3e5b440d821c69dd"
"md","BOND-template","bmb","bmb/bmad-agent-builder/assets/BOND-template.md","6b6a6b6db52868f5d4b4de39e529a0c1a63a0e7776645ebeb21cda88ea510237"
"md","build-process","bmb","bmb/bmad-agent-builder/references/build-process.md","b90c551c7a5116201d717a001e5c27586678b85f11a55190814461ffe8344a41"
"md","build-process","bmb","bmb/bmad-workflow-builder/references/build-process.md","3982dc38729df44c5b2eaf02b7c203db95376bb7618591a6cdfa155a87830416"
"md","CAPABILITIES-template","bmb","bmb/bmad-agent-builder/assets/CAPABILITIES-template.md","ba2fd4b7383e31daff76ce4495c8e200d833850c86ee2b567e091cdb9124efc1"
"md","capability-authoring-template","bmb","bmb/bmad-agent-builder/assets/capability-authoring-template.md","d03139cdecffc83b39cea0cae1475a5a137d6232b4c05914fa887199ea7585d7"
"md","complex-workflow-patterns","bmb","bmb/bmad-workflow-builder/references/complex-workflow-patterns.md","091be238318a463fa95e4e5867a34e936f1dcfe3b8128355b46bcba8bc165564"
"md","create-module","bmb","bmb/bmad-module-builder/references/create-module.md","66949ddae75a4619262f9caaeaa429fb2d5f7c83ee325ff317d59b392a995949"
"md","CREED-template","bmb","bmb/bmad-agent-builder/assets/CREED-template.md","da933b50395ff440ea726ff7c38ed8dccd759c1ac33cf310b2952c23edcf2b17"
"md","edit-guidance","bmb","bmb/bmad-agent-builder/references/edit-guidance.md","76db92dc6e9cfc0ab99fff46075fb418311f5f278d924943ab90224d7fc7c71f"
"md","eval-formats","bmb","bmb/bmad-eval-runner/references/eval-formats.md","d00e8206ceca6f83ba0ac0638002adf9a54e3a7aa8033b70be7f07edae5e2016"
"md","first-breath-adaptation-guidance","bmb","bmb/bmad-agent-builder/references/first-breath-adaptation-guidance.md","69755aca7e5ad4dcf05c092d9d1b330857a7b8cb93f3feec1e5452520b5599a6"
"md","first-breath-config-template","bmb","bmb/bmad-agent-builder/assets/first-breath-config-template.md","e2e7260450bd96ef95708c29fa07817bc08886424ad984df3e19adb430c8c009"
"md","first-breath-template","bmb","bmb/bmad-agent-builder/assets/first-breath-template.md","cb187f140b2d8d590bfdb341518a9110b3f21605e002e36675b673eea1195949"
"md","grader","bmb","bmb/bmad-eval-runner/agents/grader.md","a686f5b31c227f50797412f8c5facf4e63bc44fef55c4d011586b3228fdd409a"
"md","ideate-module","bmb","bmb/bmad-module-builder/references/ideate-module.md","d173a9c9d19095835d92b3fb269a198fab34378ed14dbf72ee6f503a5ffd00b3"
"md","INDEX-template","bmb","bmb/bmad-agent-builder/assets/INDEX-template.md","8b73dc1a25711967c350050fc517c3d18c4c555ef5be06d07a20cde1a7287814"
"md","isolation","bmb","bmb/bmad-eval-runner/references/isolation.md","0f8756b2a616abd301f5e044eee7f62d2ef34d187c900aa83cb354e1256dd5d1"
"md","memory-guidance-template","bmb","bmb/bmad-agent-builder/assets/memory-guidance-template.md","1c01b65ed84440767ad9766ef36686f26c5d648333387a244f609f0da72f986e"
"md","MEMORY-template","bmb","bmb/bmad-agent-builder/assets/MEMORY-template.md","17527537efa3dbeff1fb5faa0e24f211490aa3e40b3dc75f9361c9ad8ff74b6d"
"md","mission-writing-guidance","bmb","bmb/bmad-agent-builder/references/mission-writing-guidance.md","5d355a2415e17975d8b1a9764e83615bb14a22dd1388efb838c7ed7511358896"
"md","module-plan-template","bmb","bmb/bmad-module-builder/assets/module-plan-template.md","1ab3311c310cc7127f9d227d7904f1e5f73f956593370c892e5cba0ae5df830e"
"md","module-setup","bmb","bmb/bmad-module-builder/assets/standalone-module-template/module-setup.md","be8bdd2d6b6497e0ff560eb7846a3013067351560a073068e25e2f4486189d4b"
"md","PERSONA-template","bmb","bmb/bmad-agent-builder/assets/PERSONA-template.md","0b0d7fb452894a8d95c4f6a0b5e36eefa8c8927fb9756817e43afa46fd8bf528"
"md","PULSE-template","bmb","bmb/bmad-agent-builder/assets/PULSE-template.md","57a34b519a7c3bc6bed055cbdb223fae16273a3e44866768c918ecbe983df744"
"md","quality-analysis","bmb","bmb/bmad-agent-builder/references/quality-analysis.md","fb29735274d3cce467466888cc58f0e2232a704580dd6f997f037ab820c44b2a"
"md","quality-analysis","bmb","bmb/bmad-workflow-builder/references/quality-analysis.md","9df50bf76bb2e41da0ff69ebb061eb1d0d6ff8ffc20f289755375508ccdd9350"
"md","quality-dimensions","bmb","bmb/bmad-agent-builder/references/quality-dimensions.md","baa27eb6c795d6a30030e7082495d7d1b56186f7b1b96041c554cb88278d609f"
"md","quality-scan-agent-cohesion","bmb","bmb/bmad-agent-builder/references/quality-scan-agent-cohesion.md","3ed382e1ca5188b369e44d3ca3f7e35c7d74eef8de26ef7bd29e316e4625bb13"
"md","quality-scan-architecture","bmb","bmb/bmad-workflow-builder/references/quality-scan-architecture.md","367f5d178cb2a116a2d578bd3c2d5288d5d0c74492181d5498a411a58a387368"
"md","quality-scan-customization","bmb","bmb/bmad-workflow-builder/references/quality-scan-customization.md","e0d19f57befec263a8662420687c0c55a4445a87bf83c478ed652603fd11bc95"
"md","quality-scan-customization-surface","bmb","bmb/bmad-agent-builder/references/quality-scan-customization-surface.md","a4ee4a6cbcc35001f0853c7c5ba980d2818c0e8412a47d4e56e518dd09fbed1d"
"md","quality-scan-determinism","bmb","bmb/bmad-workflow-builder/references/quality-scan-determinism.md","f983e355a3afa170d32ec161bed8b3bdc1b74d3ba11bc914409a37c4c7577609"
"md","quality-scan-enhancement","bmb","bmb/bmad-workflow-builder/references/quality-scan-enhancement.md","9f4395baa714ccb3067dd70e7b9293b34d9e7b62cf85112d5db57fdb1e8be6d4"
"md","quality-scan-enhancement-opportunities","bmb","bmb/bmad-agent-builder/references/quality-scan-enhancement-opportunities.md","333720e2bb6d80c9fb74118df9c5ffb64f6981423cff54bad6c4e94d47398a2c"
"md","quality-scan-execution-efficiency","bmb","bmb/bmad-agent-builder/references/quality-scan-execution-efficiency.md","50bbcb7a2e206110fafc36c8ee5527ed45cfe62afd9026aa5e14a18a9eef23e5"
"md","quality-scan-prompt-craft","bmb","bmb/bmad-agent-builder/references/quality-scan-prompt-craft.md","b9d5321122f5d8b0ea4ca80a8ed24348c6c112a6ddcaa369edcd40b659a30c0e"
"md","quality-scan-sanctum-architecture","bmb","bmb/bmad-agent-builder/references/quality-scan-sanctum-architecture.md","9b95b14afc8724406ddb1a34fef0d3cdf260ed04993de093abeffdb0085f298f"
"md","quality-scan-script-opportunities","bmb","bmb/bmad-agent-builder/references/quality-scan-script-opportunities.md","f1f754cc572d297e5eb5cc8eac9fa5b2f911ba6bf38305241338fc108e624945"
"md","quality-scan-structure","bmb","bmb/bmad-agent-builder/references/quality-scan-structure.md","814c5718f587e7560c7ff6cf462a39ea562bb2cab36ff8f998ca736b5e4aa6da"
"md","report-quality-scan-creator","bmb","bmb/bmad-agent-builder/references/report-quality-scan-creator.md","23d6d2af05269e42c738853e90e239a70e32c21551950a03625d3dc0b3a96051"
"md","report-quality-scan-creator","bmb","bmb/bmad-workflow-builder/references/report-quality-scan-creator.md","0e1f3ed1597f033aa0d538e85c2d7ad0753fdf6f9f219f8ef35e08a15f3090e7"
"md","sample-capability-authoring","bmb","bmb/bmad-agent-builder/references/sample-capability-authoring.md","c188394fe5c1fbe0998e4d03c1e4a13f251708eb6eea41efde4a02cac62d356e"
"md","sample-capability-prompt","bmb","bmb/bmad-agent-builder/references/sample-capability-prompt.md","89fa50211cc54b0ff375d216303464cd781ce5ddaeace21cf9f89a5549625ea5"
"md","sample-first-breath","bmb","bmb/bmad-agent-builder/references/sample-first-breath.md","ea55b9eaee5fb5d51d928761d988e05066b6faa448852fa4e512dc65f4febcb9"
"md","sample-memory-guidance","bmb","bmb/bmad-agent-builder/references/sample-memory-guidance.md","439aa16ed25f63ba42c7d7935cdb33226b8193862ed8e051015aa99fedb035ec"
"md","script-opportunities-reference","bmb","bmb/bmad-agent-builder/references/script-opportunities-reference.md","7fc382a1561498c8c9b5e5d83d16e94a1076985773a848f55f15f2fa27c55cce"
"md","script-opportunities-reference","bmb","bmb/bmad-workflow-builder/references/script-opportunities-reference.md","a78166926e903edb94a79b6aefbfe6e781dfcad9744fa8fd34b97a35f2b0e47c"
"md","script-standards","bmb","bmb/bmad-agent-builder/references/script-standards.md","802f9de7527f3ebe2da9cde2ca6b6ac9efb639a6cce6616c9469cd9da42c1c0d"
"md","script-standards","bmb","bmb/bmad-workflow-builder/references/script-standards.md","ae4bc66196d4cb5da0c65782731d89c38ae2128472ec10f7b7234d354b345db6"
"md","SKILL","bmb","bmb/bmad-agent-builder/SKILL.md","dfb73ea0b09e79347ebb22781a2d4e38cc24e5fe39019040777ed307d5bd669b"
"md","SKILL","bmb","bmb/bmad-bmb-setup/SKILL.md","d734a3b5a4c5c3f86e17788688629972f3550f58fe6d06c57652e90742066b58"
"md","SKILL","bmb","bmb/bmad-eval-runner/SKILL.md","cf33c763e7b58c1af5ad645cdc609040d897c171a0336def9d08e28b657c9267"
"md","SKILL","bmb","bmb/bmad-module-builder/SKILL.md","344ee5a895878611f0241ad36352d3331871dc204bc6c5efce527927266bf8bc"
"md","SKILL","bmb","bmb/bmad-module-builder/assets/setup-skill-template/SKILL.md","9df94238c21ea09c64f340ec69da0138616731cd5ba515439aa32327b05e7655"
"md","SKILL","bmb","bmb/bmad-workflow-builder/SKILL.md","0b2b18da0eab1373277905ebb2528c50dd25617613dffdb03573db4d469e80e2"
"md","skill-best-practices","bmb","bmb/bmad-agent-builder/references/skill-best-practices.md","048cdd5ac5eb1ba2c2a65dbfae8056769bbab61d37dcfb4c3f2045375a5db8c2"
"md","skill-quality-principles","bmb","bmb/bmad-workflow-builder/references/skill-quality-principles.md","4973c3121bc23d91292252349dcd7a833eee90dba8e2b7211fd5a80378943329"
"md","SKILL-template","bmb","bmb/bmad-agent-builder/assets/SKILL-template.md","7d0ed7ce63c0aec3869b17776d8416c9581dbc670ca999b4c9702507e8915454"
"md","SKILL-template","bmb","bmb/bmad-workflow-builder/assets/SKILL-template.md","0d8ad0d69b78e0720c275b82895005530567daf61e394402f1770cdfc10655ca"
"md","SKILL-template-bootloader","bmb","bmb/bmad-agent-builder/assets/SKILL-template-bootloader.md","4d1bf3ac343cbc5a354ab22a7702a3021ae144970505c08a5ffc9b297c6fe3c9"
"md","standard-fields","bmb","bmb/bmad-agent-builder/references/standard-fields.md","17092a6d5420d50e12c4d38c016c4e21244e6f76b8283e00a235f76335e1b9f9"
"md","standard-fields","bmb","bmb/bmad-workflow-builder/references/standard-fields.md","28c0f2cf771c7a49fbd447e3cc0e673d4ed3dbee6e49ce1af1eff3c0a87a643b"
"md","standing-order-guidance","bmb","bmb/bmad-agent-builder/references/standing-order-guidance.md","75c9cee7f7f9c9c5d8fe67ae18c74366afc70588f425cfa251c4c88e6d4fef2d"
"md","template-substitution-rules","bmb","bmb/bmad-agent-builder/references/template-substitution-rules.md","99aceeaaa659bdc5ef3b36a8552a879d7ad5181d80672660f4f579ebf361ba93"
"md","template-substitution-rules","bmb","bmb/bmad-workflow-builder/references/template-substitution-rules.md","45b29451ccfca934a8bf42a54447c0de625337dcd486c514441d34456588f4c6"
"md","validate-module","bmb","bmb/bmad-module-builder/references/validate-module.md","31ec64ac8e667bc94befc0ab019e506c1c2150403e6c90a92f329db43fdf6853"
"py","cleanup-legacy","bmb","bmb/bmad-bmb-setup/scripts/cleanup-legacy.py","827b32af838a8b0c4d85e4c44cfe89f6ddfffef3df4f27da7547c8dcbdc7f946"
"py","cleanup-legacy","bmb","bmb/bmad-module-builder/assets/setup-skill-template/scripts/cleanup-legacy.py","827b32af838a8b0c4d85e4c44cfe89f6ddfffef3df4f27da7547c8dcbdc7f946"
"py","docker_setup","bmb","bmb/bmad-eval-runner/scripts/docker_setup.py","5be61c0ebf9296a686ccdb875b20dd06f2edc99e96dcb590d3b7a5352b80f32e"
"py","extract-report-json","bmb","bmb/bmad-workflow-builder/scripts/extract-report-json.py","ae9c56b4481c2111d463f14a28e62047ba1a6998dcf4b21c6b021e524bd59771"
"py","generate_report","bmb","bmb/bmad-eval-runner/scripts/generate_report.py","d6d7553b34e8b6942eb8efae659232a63d612338eaf7e219a7b84e3652a927e1"
"py","generate-html-report","bmb","bmb/bmad-agent-builder/scripts/generate-html-report.py","db8ef884f4389107579829043133315725cded5a0f00552a439b79ccf1c852bb"
"py","generate-html-report","bmb","bmb/bmad-workflow-builder/scripts/generate-html-report.py","e2759c8dd7f6ac0d93b54decb09c2c45bcf0c19291101e8a46b866075c5a56e1"
"py","init-sanctum-template","bmb","bmb/bmad-agent-builder/assets/init-sanctum-template.py","da197cc3003f04d8b08a966c2c84879e3f612226af3171dd1e59077f597598aa"
"py","merge-config","bmb","bmb/bmad-bmb-setup/scripts/merge-config.py","56f9e79cbdf236083a4afb156944945cc47b0eea355a881f1ee433d9664a660d"
"py","merge-config","bmb","bmb/bmad-module-builder/assets/setup-skill-template/scripts/merge-config.py","56f9e79cbdf236083a4afb156944945cc47b0eea355a881f1ee433d9664a660d"
"py","merge-config","bmb","bmb/bmad-module-builder/assets/standalone-module-template/merge-config.py","56f9e79cbdf236083a4afb156944945cc47b0eea355a881f1ee433d9664a660d"
"py","merge-help-csv","bmb","bmb/bmad-bmb-setup/scripts/merge-help-csv.py","f30cd4c3a2c66153c54a6574caf0d1de82bbdad0ebe219f6cc16afb982873968"
"py","merge-help-csv","bmb","bmb/bmad-module-builder/assets/setup-skill-template/scripts/merge-help-csv.py","f30cd4c3a2c66153c54a6574caf0d1de82bbdad0ebe219f6cc16afb982873968"
"py","merge-help-csv","bmb","bmb/bmad-module-builder/assets/standalone-module-template/merge-help-csv.py","f30cd4c3a2c66153c54a6574caf0d1de82bbdad0ebe219f6cc16afb982873968"
"py","prepass-execution-deps","bmb","bmb/bmad-agent-builder/scripts/prepass-execution-deps.py","3c9c8998b3e3b00007027c73ff75bf4d568447a50f8ee9e291f4d9df614e4767"
"py","prepass-execution-deps","bmb","bmb/bmad-workflow-builder/scripts/prepass-execution-deps.py","8c53ae6deb0b54bd1edcb345a6e53398b938e285e5a8cec4191cac3846119f24"
"py","prepass-prompt-metrics","bmb","bmb/bmad-agent-builder/scripts/prepass-prompt-metrics.py","ce3808ccb4bff66f555aa2311b455004a58a1627e69bf99f0b35cf7b11595d19"
"py","prepass-prompt-metrics","bmb","bmb/bmad-workflow-builder/scripts/prepass-prompt-metrics.py","2e2d6bcbf9f2ba58af727d0873a4cfd5d1558713e87c864957910e8b07a6a66b"
"py","prepass-sanctum-architecture","bmb","bmb/bmad-agent-builder/scripts/prepass-sanctum-architecture.py","e26e96d50cf6efcfc400e5addb53b4765c676247ac834517597da910dc334300"
"py","prepass-structure-capabilities","bmb","bmb/bmad-agent-builder/scripts/prepass-structure-capabilities.py","a744cd75073c3976579fe5ad972e30df7631f9acffe7476dafd14151dc42481b"
"py","prepass-workflow-integrity","bmb","bmb/bmad-workflow-builder/scripts/prepass-workflow-integrity.py","1beb181f4cc1acb6a35e740c147f30cdd1d1581f0de0256fc2d4977f3dfc9ff0"
"py","process-template","bmb","bmb/bmad-agent-builder/scripts/process-template.py","2a78f5931e764cf75c9872e14600e53963d9debd86f7e862aa9d8d40ec315172"
"py","pty_runner","bmb","bmb/bmad-eval-runner/scripts/pty_runner.py","7c4b1ce268dc8575262fa4c637ceb72555ea9f9d67885f56e22a4f8cbac5432b"
"py","run_evals","bmb","bmb/bmad-eval-runner/scripts/run_evals.py","c7dcdf90be7e910afc86b0e318882bcdcf45b2b30cdf1acbbc8e5a694562c254"
"py","run_triggers","bmb","bmb/bmad-eval-runner/scripts/run_triggers.py","afa32bf5ff0cc72cc4f1bbac41eef936d1d720af06139240b65557419917dc96"
"py","sample-init-sanctum","bmb","bmb/bmad-agent-builder/references/sample-init-sanctum.py","478d1e6a640eb3dc36b24b08a91dd6dbcfb4a2780ba82f114d310e11133c4aa6"
"py","scaffold-setup-skill","bmb","bmb/bmad-module-builder/scripts/scaffold-setup-skill.py","b1df022164bb4c7e3e733a66e440637f255ddc8512ec43e4cb7206e3aae40532"
"py","scaffold-standalone-module","bmb","bmb/bmad-module-builder/scripts/scaffold-standalone-module.py","8efa8f264f300ef1242e01b1729290e2ded11f330a703af078b848850ae9edb3"
"py","scan-path-standards","bmb","bmb/bmad-agent-builder/scripts/scan-path-standards.py","a37fd299deda25e94e9a3b14d72504aa8c0ffdd3d22d83e4e5de1d6236c4cec2"
"py","scan-path-standards","bmb","bmb/bmad-workflow-builder/scripts/scan-path-standards.py","289f3b31b9260464f1b4de089ddb3a621b6d75b11c8e5ce24a660dafface9f60"
"py","scan-scripts","bmb","bmb/bmad-agent-builder/scripts/scan-scripts.py","73f3714d5d5f612b358ffec2cfb0282545d8b77bf562cd4b6072937059d97ca3"
"py","scan-scripts","bmb","bmb/bmad-workflow-builder/scripts/scan-scripts.py","1a6560996f7a45533dc688e7669b71405f5df031c4dfa7a14fc2fb8df2321a46"
"py","test-scaffold-setup-skill","bmb","bmb/bmad-module-builder/scripts/tests/test-scaffold-setup-skill.py","f10d300453cbd509ff01886494986e7ef74d6d29534e6d5a4823e4244e83a38a"
"py","test-scaffold-standalone-module","bmb","bmb/bmad-module-builder/scripts/tests/test-scaffold-standalone-module.py","f2d9a2b67a94cb24c4b88d75650ae9b5e69a157886c4a4b15e5d2c09dc685935"
"py","test-validate-module","bmb","bmb/bmad-module-builder/scripts/tests/test-validate-module.py","6c92389aa12c5cf0e8243999d0328704b926d0bfcdcc2124e12cb82a878d8617"
"py","utils","bmb","bmb/bmad-eval-runner/scripts/utils.py","d3cc105103e5fd10aca031f9c7fd95422f4566d7cce94b198837b50027179ab1"
"py","validate-module","bmb","bmb/bmad-module-builder/scripts/validate-module.py","e16e7d854ea9e4f0e9670f34f60360119ac6deae4587ebb12ed6a89ea90ec7c9"
"toml","customize-template","bmb","bmb/bmad-agent-builder/assets/customize-template.toml","1281eb3e57f0b3b48e5e1604c553cf91a77e1937616898e84446d26e1ad3e96d"
"toml","customize-template","bmb","bmb/bmad-workflow-builder/assets/customize-template.toml","93e235c211546a0a2885a237396e570617710dc43a65100a0e843dc6d1b6e4ae"
"toml","sample-customize-analyst","bmb","bmb/bmad-agent-builder/assets/sample-customize-analyst.toml","5a3f2e1cc7ed58011b4e2ce2ad4f086f8e1a2cea92221ae07e02011670d7a92c"
"toml","sample-customize-product-brief","bmb","bmb/bmad-workflow-builder/assets/sample-customize-product-brief.toml","5ebc868828797cf42fe4e23f389249295844a8bc0204d4b9b228f89ea963f410"
"yaml","config","bmb","bmb/config.yaml","ac240c21abacac30450f0d90fe256bd54aa2af98a2951911f1685df245e5e290"
"yaml","module","bmb","bmb/bmad-bmb-setup/assets/module.yaml","d9cb53ff118c5c45d393b5a0f3498cdfc20d7f47acf491970157d36a7e9f5462"
"yaml","module","bmb","bmb/bmad-module-builder/assets/setup-skill-template/assets/module.yaml","9ebacf189dcd2e353509bfa0fa70c90b84d5fe749022a3571e5321598e1ae9fa"
"csv","documentation-requirements","bmm","bmm/1-analysis/bmad-document-project/documentation-requirements.csv","d1253b99e88250f2130516b56027ed706e643bfec3d99316727a4c6ec65c6c1d"
"csv","domain-complexity","bmm","bmm/3-solutioning/bmad-create-architecture/data/domain-complexity.csv","3dc34ed39f1fc79a51f7b8fc92087edb7cd85c4393a891d220f2e8dd5a101c70"
"csv","module-help","bmm","bmm/module-help.csv","44aeae5ba00ace308ebfba304548613b75c4ee4e9875e9a1afc9385689fbfe5f"
"csv","project-types","bmm","bmm/3-solutioning/bmad-create-architecture/data/project-types.csv","12343635a2f11343edb1d46906981d6f5e12b9cad2f612e13b09460b5e5106e7"
"html","validation-report-template","bmm","bmm/2-plan-workflows/bmad-prd/assets/validation-report-template.html","a80becdd8205d2d7c18738855830b096172a496b96b5ca8a0820ec55c9bb8bf9"
"html","validation-report-template","bmm","bmm/2-plan-workflows/bmad-ux/assets/validation-report-template.html","8656945636fabe96624f8ef8fce931b073b5aecbe42d490584c1d5c7f31e1353"
"json","bmad-manifest","bmm","bmm/1-analysis/bmad-prfaq/bmad-manifest.json","7908cab6f0cd66f1f3427b4cc659975b4737bdc44f789b23c6a895fcd084c4bc"
"json","project-scan-report-schema","bmm","bmm/1-analysis/bmad-document-project/templates/project-scan-report-schema.json","8466965321f1db22f5013869636199f67e0113706283c285a7ffbbf5efeea321"
"md","architecture-decision-template","bmm","bmm/3-solutioning/bmad-create-architecture/architecture-decision-template.md","5d9adf90c28df61031079280fd2e49998ec3b44fb3757c6a202cda353e172e9f"
"md","artifact-analyzer","bmm","bmm/1-analysis/bmad-prfaq/agents/artifact-analyzer.md","7bdc44830f8d593346ec0ee15e36e1e431432fcc6c38b70bb861999315c9cfa4"
"md","brief-template","bmm","bmm/1-analysis/bmad-product-brief/assets/brief-template.md","bb28edf75d023067551c8d417b19b8803324e7acfb2ad0c80f882e9134f4c1f1"
"md","case-file-template","bmm","bmm/4-implementation/bmad-investigate/references/case-file-template.md","9dccb41f3f3fc796b42411966e51b32c4231aaceb4b6bb1880a16225a990002e"
"md","checklist","bmm","bmm/1-analysis/bmad-document-project/checklist.md","581b0b034c25de17ac3678db2dbafedaeb113de37ddf15a4df6584cf2324a7d7"
"md","checklist","bmm","bmm/4-implementation/bmad-correct-course/checklist.md","3e082b95def90ccb876e3101ce0bbaf797a0f03a9471e1347361897f27977327"
"md","checklist","bmm","bmm/4-implementation/bmad-create-story/checklist.md","b94e28e774c3be0288f04ea163424bece4ddead5cd3f3680d1603ed07383323a"
"md","checklist","bmm","bmm/4-implementation/bmad-dev-story/checklist.md","630b68c6824a8785003a65553c1f335222b17be93b1bd80524c23b38bde1d8af"
"md","checklist","bmm","bmm/4-implementation/bmad-qa-generate-e2e-tests/checklist.md","b58f810aeb1040c2f6758c88aa133afce72f8cc178d3d97ff0fbaa3d943057dc"
"md","checklist","bmm","bmm/4-implementation/bmad-sprint-planning/checklist.md","80b10aedcf88ab1641b8e5f99c9a400c8fd9014f13ca65befc5c83992e367dd7"
"md","color-themes","bmm","bmm/2-plan-workflows/bmad-ux/assets/color-themes.md","48fac7943e8584ccf7dd1bcdfdfd4513366a086a3a84965b6b302ccf6607c171"
"md","compile-epic-context","bmm","bmm/4-implementation/bmad-quick-dev/compile-epic-context.md","5cfda02f252941e415b80c57b4528f46226b3cbf456ad45d78fcb5a7ef4816e2"
"md","creative-tools","bmm","bmm/2-plan-workflows/bmad-ux/references/creative-tools.md","adb3e976aa60ccb5d8c8a34294c70806c424ec784b6b532d8f9032b92caffa67"
"md","customer-faq","bmm","bmm/1-analysis/bmad-prfaq/references/customer-faq.md","96f8565197649c58908a1d61b6cd805fd01f57da7945ba889c18d087ad597aeb"
"md","deep-dive-instructions","bmm","bmm/1-analysis/bmad-document-project/workflows/deep-dive-instructions.md","a79e24b93a25ab456062916a9dad7b6a16dc43ac0b4b555700d3c3751cff0d25"
"md","deep-dive-template","bmm","bmm/1-analysis/bmad-document-project/templates/deep-dive-template.md","6198aa731d87d6a318b5b8d180fc29b9aa53ff0966e02391c17333818e94ffe9"
"md","deep-dive-workflow","bmm","bmm/1-analysis/bmad-document-project/workflows/deep-dive-workflow.md","a64d98dfa3b771df2853c4fa19a4e9c90d131e409e13b4c6f5e494d6ac715125"
"md","design-directions","bmm","bmm/2-plan-workflows/bmad-ux/assets/design-directions.md","a27225c4ebd80689d8f98c711c15ce8d525c0229bf7247591a7423f20ba88e74"
"md","design-example-editorial","bmm","bmm/2-plan-workflows/bmad-ux/assets/design-example-editorial.md","a659166845b1a4ed3f9aef942c5935537a97382b10303684fbb78ed86265870e"
"md","design-example-mobile","bmm","bmm/2-plan-workflows/bmad-ux/assets/design-example-mobile.md","a93fb9f114f2e83af0c961c0d7909b3859fc80bcd713715517cd639a53a0372a"
"md","design-example-shadcn","bmm","bmm/2-plan-workflows/bmad-ux/assets/design-example-shadcn.md","25e0dfb2bb21483973a8f0a6ed650288b3dc2ae5ed02aa0f091bb9b6b0b39fc0"
"md","design-md-spec","bmm","bmm/2-plan-workflows/bmad-ux/references/design-md-spec.md","d04d5f663607aba3f3181e818ae33856e6caf5e560dcb16fa64ed80b7cf3d590"
"md","discover-inputs","bmm","bmm/4-implementation/bmad-create-story/discover-inputs.md","dfedba6a8ea05c9a91c6d202c4b29ee3ea793d8ef77575034787ae0fef280507"
"md","epics-template","bmm","bmm/3-solutioning/bmad-create-epics-and-stories/templates/epics-template.md","a804f740155156d89661fa04e7a4264a8f712c4dc227c44fd8ae804a9b0f6b72"
"md","excalidraw-wireframe","bmm","bmm/2-plan-workflows/bmad-ux/assets/excalidraw-wireframe.md","660bbcdebff50cd044a3752eda43f3cb303aca4b0f521b55a270da93b89ddb18"
"md","experience-example-mobile","bmm","bmm/2-plan-workflows/bmad-ux/assets/experience-example-mobile.md","f8cd54c92193cd8c34a472df9c212ac7330976f6a115b729721dcb60034dc4f0"
"md","experience-example-shadcn","bmm","bmm/2-plan-workflows/bmad-ux/assets/experience-example-shadcn.md","d6ca16e87b768e8b41f352c02ee08af21d7cdac04ca21e6ae1556864b4d27590"
"md","explain-concept","bmm","bmm/1-analysis/bmad-agent-tech-writer/explain-concept.md","6ea82dbe4e41d4bb8880cbaa62d936e40cef18f8c038be73ae6e09c462abafc9"
"md","full-scan-instructions","bmm","bmm/1-analysis/bmad-document-project/workflows/full-scan-instructions.md","2235945df2ae261265187447ce593238e132a026a9b88d3507a1f1d6808a0263"
"md","full-scan-workflow","bmm","bmm/1-analysis/bmad-document-project/workflows/full-scan-workflow.md","3bff88a392c16602bd44730f32483505e73e65e46e82768809c13a0a5f55608b"
"md","generate-trail","bmm","bmm/4-implementation/bmad-checkpoint-preview/generate-trail.md","4a5936d86fbe5a85285b4535097b1e2edda8849da35586f4b588a982d7224459"
"md","headless","bmm","bmm/2-plan-workflows/bmad-prd/references/headless.md","79d2c05481f016b73bff0169a9fff4bb7f54608904c91c717b6b7627c5e63b48"
"md","headless","bmm","bmm/2-plan-workflows/bmad-ux/references/headless.md","26943a9482800603334a9eeb3f27363ac91d4061ae3ee67d32a0f78e1fe61c22"
"md","headless-schemas","bmm","bmm/2-plan-workflows/bmad-prd/assets/headless-schemas.md","66a5b1f0ce22c7baf3a6b6a14feb7458491b1106bef437389cd6291f81eebd7f"
"md","headless-schemas","bmm","bmm/2-plan-workflows/bmad-ux/assets/headless-schemas.md","ea85db9a686eb59cb62395b72ea6f27c8ff4205a17edb5b70d959c6ed16a8b94"
"md","index-template","bmm","bmm/1-analysis/bmad-document-project/templates/index-template.md","42c8a14f53088e4fda82f26a3fe41dc8a89d4bcb7a9659dd696136378b64ee90"
"md","instructions","bmm","bmm/1-analysis/bmad-document-project/instructions.md","9f4bc3a46559ffd44289b0d61a0f8f26f829783aa1c0e2a09dfa807fa93eb12f"
"md","internal-faq","bmm","bmm/1-analysis/bmad-prfaq/references/internal-faq.md","26eb83f844cda1ed8efb50f4703d61713ada8a64bd27eb387f759f858b5748de"
"md","key-screens","bmm","bmm/2-plan-workflows/bmad-ux/assets/key-screens.md","a546c6071f62ee4298c7ecb2b4d52e90d5db82dd65ed6a870787b2d54c0f9204"
"md","mermaid-gen","bmm","bmm/1-analysis/bmad-agent-tech-writer/mermaid-gen.md","1d83fcc5fa842bc31ecd9fd7e45fbf013fabcadf0022d3391fff5b53b48e4b5d"
"md","prd-template","bmm","bmm/2-plan-workflows/bmad-prd/assets/prd-template.md","41e77bd5c4ee81c3f383b55d6f515147afc9c4bd1a3317ddf55a9282deae495c"
"md","prd-validation-checklist","bmm","bmm/2-plan-workflows/bmad-prd/assets/prd-validation-checklist.md","41d9f09064772a92ec908d970618e47ba63dc86b5c5a1a21d5a2c676d3ba8e3f"
"md","press-release","bmm","bmm/1-analysis/bmad-prfaq/references/press-release.md","c406adb0e2d2cc326cbc45d0174f89d014523448ad82bc272293999d22aec596"
"md","prfaq-template","bmm","bmm/1-analysis/bmad-prfaq/assets/prfaq-template.md","b27e6964f0437ab4e78c8c0ffbe5052c28e3b3ef2fc811726cbb394d5a5c7559"
"md","project-context-template","bmm","bmm/3-solutioning/bmad-generate-project-context/project-context-template.md","54e351394ceceb0ac4b5b8135bb6295cf2c37f739c7fd11bb895ca16d79824a5"
"md","project-overview-template","bmm","bmm/1-analysis/bmad-document-project/templates/project-overview-template.md","a7c7325b75a5a678dca391b9b69b1e3409cfbe6da95e70443ed3ace164e287b2"
"md","readiness-report-template","bmm","bmm/3-solutioning/bmad-check-implementation-readiness/templates/readiness-report-template.md","0da97ab1e38818e642f36dc0ef24d2dae69fc6e0be59924dc2dbf44329738ff6"
"md","research.template","bmm","bmm/1-analysis/research/bmad-domain-research/research.template.md","507bb6729476246b1ca2fca4693986d286a33af5529b6cd5cb1b0bb5ea9926ce"
"md","research.template","bmm","bmm/1-analysis/research/bmad-market-research/research.template.md","507bb6729476246b1ca2fca4693986d286a33af5529b6cd5cb1b0bb5ea9926ce"
"md","research.template","bmm","bmm/1-analysis/research/bmad-technical-research/research.template.md","507bb6729476246b1ca2fca4693986d286a33af5529b6cd5cb1b0bb5ea9926ce"
"md","SKILL","bmm","bmm/1-analysis/bmad-agent-analyst/SKILL.md","fca38a404e79508ebc39235d0162bcb475b02407a913e3e5bd8c5526b2b261a6"
"md","SKILL","bmm","bmm/1-analysis/bmad-agent-tech-writer/SKILL.md","7544242ff68d0ddfd466274f40ae9f3b0ea06ee5f5f938f68f953e19b3598cd7"
"md","SKILL","bmm","bmm/1-analysis/bmad-document-project/SKILL.md","806d73f66a8f3f3e7b3cbd3b9a87ad4d8b9aabd3ff91f37c96edef36a17aa2b3"
"md","SKILL","bmm","bmm/1-analysis/bmad-prfaq/SKILL.md","42bbfe91af6826463c30dad6ba4038ebc755e8b3bc3d74b7853bd0432f4384c1"
"md","SKILL","bmm","bmm/1-analysis/bmad-product-brief/SKILL.md","1aa3756bf48864462970c53801cb5b39c12b525a3f8d9411e3d1f5e4b7afdb94"
"md","SKILL","bmm","bmm/1-analysis/research/bmad-domain-research/SKILL.md","2308f7e21f78d7f2ed43d560dbcdbfa2af236d6a81988495f28baf0e81a03206"
"md","SKILL","bmm","bmm/1-analysis/research/bmad-market-research/SKILL.md","13f2c2148061dc6688c4c9d81b5e5b98fbfe4d7294eba0daa0cac5b17f7a0593"
"md","SKILL","bmm","bmm/1-analysis/research/bmad-technical-research/SKILL.md","290c5aec88886a623f620e59e43090d11791b0fade357bae2b9de9ae510d3159"
"md","SKILL","bmm","bmm/2-plan-workflows/bmad-agent-pm/SKILL.md","e2ebea0bf6ee158fcb9e62731a185983f2ac59f664940f4f4320cf10e1bbdf92"
"md","SKILL","bmm","bmm/2-plan-workflows/bmad-agent-ux-designer/SKILL.md","d780ae59b9fb7e3a94c5ffe4ec75f90942d4a9a3944af4b36c2d279fdd7801db"
"md","SKILL","bmm","bmm/2-plan-workflows/bmad-create-prd/SKILL.md","143c5c2d85734021db343ff3dbf143e804eddbf9fb519fb824b70f1a9154767d"
"md","SKILL","bmm","bmm/2-plan-workflows/bmad-edit-prd/SKILL.md","31ecfe3c16513d994e44e648a7f2d4f4a6ccf297ca6c1826aa68ef7b053e7ff2"
"md","SKILL","bmm","bmm/2-plan-workflows/bmad-prd/SKILL.md","53e3212e2c3321b70dd05b29ac6b9089a0d7eeb345fd99d9d6439e1c294e85b2"
"md","SKILL","bmm","bmm/2-plan-workflows/bmad-ux/SKILL.md","e514708b3c56848ec9dece8845efc96d2cf3b36fb18c04ff464653cab1165a0c"
"md","SKILL","bmm","bmm/2-plan-workflows/bmad-validate-prd/SKILL.md","931439b8c84bc454d0596a1ad35d6583c1926c941f2928c54b31aea702c24b53"
"md","SKILL","bmm","bmm/3-solutioning/bmad-agent-architect/SKILL.md","82bbf22ff3a4571741c9339ae6b7c35676a6e26a3237ceca487abe85369e91a0"
"md","SKILL","bmm","bmm/3-solutioning/bmad-check-implementation-readiness/SKILL.md","a7e12eae2bdb5a95cc0534e6d5bf58e7ce4b947327a494d475ef98e67f03718a"
"md","SKILL","bmm","bmm/3-solutioning/bmad-create-architecture/SKILL.md","9863398b2a4e4603130d86f70b1e76bead4ffbf5b9883a12d9d57a925efdaed4"
"md","SKILL","bmm","bmm/3-solutioning/bmad-create-epics-and-stories/SKILL.md","4ec9ec255c2c0e97ae912342ae1445318e672aa1c2a9e412806b7d7ef7d5a6a7"
"md","SKILL","bmm","bmm/3-solutioning/bmad-generate-project-context/SKILL.md","f25e05d8c3923f331f96a73e6ba8bb8b055b5ca2aa548402a3b633141b8dea21"
"md","SKILL","bmm","bmm/4-implementation/bmad-agent-dev/SKILL.md","54ab6d9d60d7ed7e84d6510cf325734b66feb1b419131436672559584b4bf508"
"md","SKILL","bmm","bmm/4-implementation/bmad-checkpoint-preview/SKILL.md","34613078dbea9c55e45df016399328d8360579fd381301a5de78bb52c3597591"
"md","SKILL","bmm","bmm/4-implementation/bmad-code-review/SKILL.md","469e9478941710a1a752cac3e8c3c0e5f8828e63b27359a8c236d83d5deb4940"
"md","SKILL","bmm","bmm/4-implementation/bmad-correct-course/SKILL.md","5064ef2e7aedfb094bef912d5e4d6680318a1904d9bcdc7875d3dc16bb253ea4"
"md","SKILL","bmm","bmm/4-implementation/bmad-create-story/SKILL.md","23551a5b6ad1df44cd8020065d3ccbc8afafcb00961aca203a90d0584ea08190"
"md","SKILL","bmm","bmm/4-implementation/bmad-dev-story/SKILL.md","f12801307b157f04d2bde7da104e1ebde3f2898bd3a60326da928d5b9fc793ac"
"md","SKILL","bmm","bmm/4-implementation/bmad-investigate/SKILL.md","c544661dd73d01728c8de8c96622d16b8e8ffe423352f04b2093d5d4b6a0274a"
"md","SKILL","bmm","bmm/4-implementation/bmad-qa-generate-e2e-tests/SKILL.md","9e78729569b2dc8e24e5f8eb016a851c4efd5c1920e2c91e0e3175fc6899d98d"
"md","SKILL","bmm","bmm/4-implementation/bmad-quick-dev/SKILL.md","4c67bf5f805cd73c2a45587f24dcc88c2ea16fce7bfb53c1d9de1479763a5b68"
"md","SKILL","bmm","bmm/4-implementation/bmad-retrospective/SKILL.md","ced7497014942601a47c66193d0f2a6daf0c4da3d64c14691c5900a7fca4398e"
"md","SKILL","bmm","bmm/4-implementation/bmad-sprint-planning/SKILL.md","ee30e6b908ea266e308d51c4163d55dceb2913fb09359b647fe5533852572b60"
"md","SKILL","bmm","bmm/4-implementation/bmad-sprint-status/SKILL.md","1f4b2ff81d337101d836d3eb8e73998b0495423593675a688aee43cec23eebf1"
"md","source-tree-template","bmm","bmm/1-analysis/bmad-document-project/templates/source-tree-template.md","109bc335ebb22f932b37c24cdc777a351264191825444a4d147c9b82a1e2ad7a"
"md","spec-template","bmm","bmm/4-implementation/bmad-quick-dev/spec-template.md","3ee15d5a63cf5eeee74149c590668fc61d0e44023eac12988a1ca2a9438a9d39"
"md","step-01-clarify-and-route","bmm","bmm/4-implementation/bmad-quick-dev/step-01-clarify-and-route.md","b5eb9f0cecf2a462885b8e7b4c21abbaec1e95c8abbd76bc410d9090fd8379f0"
"md","step-01-discover","bmm","bmm/3-solutioning/bmad-generate-project-context/steps/step-01-discover.md","8b2c8c7375f8a3c28411250675a28c0d0a9174e6c4e67b3d53619888439c4613"
"md","step-01-document-discovery","bmm","bmm/3-solutioning/bmad-check-implementation-readiness/steps/step-01-document-discovery.md","c763b512d55906122433cb65c1bcd5b5b283e45eacdc07281c8ec7596b6b3980"
"md","step-01-gather-context","bmm","bmm/4-implementation/bmad-code-review/steps/step-01-gather-context.md","d0ee7558605e9d48b5b6f15d9b535542eb6d922613f529bb520326eacade4171"
"md","step-01-init","bmm","bmm/1-analysis/research/bmad-domain-research/domain-steps/step-01-init.md","efee243f13ef54401ded88f501967b8bc767460cec5561b2107fc03fe7b7eab1"
"md","step-01-init","bmm","bmm/1-analysis/research/bmad-market-research/steps/step-01-init.md","64d5501aea0c0005db23a0a4d9ee84cf4e9239f553c994ecc6b1356917967ccc"
"md","step-01-init","bmm","bmm/1-analysis/research/bmad-technical-research/technical-steps/step-01-init.md","c9a1627ecd26227e944375eb691e7ee6bc9f5db29a428a5d53e5d6aef8bb9697"
"md","step-01-init","bmm","bmm/3-solutioning/bmad-create-architecture/steps/step-01-init.md","5119205b712ebda0cd241c3daad217bb0f6fa9e6cb41d6635aec6b7fe83b838a"
"md","step-01-orientation","bmm","bmm/4-implementation/bmad-checkpoint-preview/step-01-orientation.md","d9e3b949c36d49a025f3535773af2b51888fe4ce616b6d6d69683a122716b1d2"
"md","step-01-validate-prerequisites","bmm","bmm/3-solutioning/bmad-create-epics-and-stories/steps/step-01-validate-prerequisites.md","5c2aabc871363d84fc2e12fd83a3889e9d752b6bd330e31a0067c96204dd4880"
"md","step-01b-continue","bmm","bmm/3-solutioning/bmad-create-architecture/steps/step-01b-continue.md","4bf216008297dcea25f8be693109cf17879c621865b302c994cdd15aa5124e5f"
"md","step-02-context","bmm","bmm/3-solutioning/bmad-create-architecture/steps/step-02-context.md","4381c5128de7d5c02ac806a1263e3965754bd2598954f3188219fbd87567e5c9"
"md","step-02-customer-behavior","bmm","bmm/1-analysis/research/bmad-market-research/steps/step-02-customer-behavior.md","bac4de244049f90d1f2eb95e2cc9389cc84966d9538077fef1ec9c35e4533849"
"md","step-02-design-epics","bmm","bmm/3-solutioning/bmad-create-epics-and-stories/steps/step-02-design-epics.md","7c66987808c1f84e853fe54b7aff26d209196d450b5644704110f124a15179bc"
"md","step-02-domain-analysis","bmm","bmm/1-analysis/research/bmad-domain-research/domain-steps/step-02-domain-analysis.md","385a288d9bbb0adf050bcce4da4dad198a9151822f9766900404636f2b0c7f9d"
"md","step-02-generate","bmm","bmm/3-solutioning/bmad-generate-project-context/steps/step-02-generate.md","b1f063edae66a74026b67a79a245cec7ee85438bafcacfc70dcf6006b495e060"
"md","step-02-plan","bmm","bmm/4-implementation/bmad-quick-dev/step-02-plan.md","72f4df415adceaaf554166983559e058c6a019d783d0f87cf42c401db3c5f52c"
"md","step-02-prd-analysis","bmm","bmm/3-solutioning/bmad-check-implementation-readiness/steps/step-02-prd-analysis.md","38be2bf4b924c0b5b395b57d68f685d790ade7b1a6c10993d3c550675f87d954"
"md","step-02-review","bmm","bmm/4-implementation/bmad-code-review/steps/step-02-review.md","1883758e0e91fba439497d04417f03d778f3f6fb12754f49aa8cfa5e15489f70"
"md","step-02-technical-overview","bmm","bmm/1-analysis/research/bmad-technical-research/technical-steps/step-02-technical-overview.md","9c7582241038b16280cddce86f2943216541275daf0a935dcab78f362904b305"
"md","step-02-walkthrough","bmm","bmm/4-implementation/bmad-checkpoint-preview/step-02-walkthrough.md","66cf893f8f968ee81034e9ccd8c20415692c3a8c23a9a143c2245fe6c800acdc"
"md","step-03-competitive-landscape","bmm","bmm/1-analysis/research/bmad-domain-research/domain-steps/step-03-competitive-landscape.md","f10aa088ba00c59491507f6519fb314139f8be6807958bb5fd1b66bff2267749"
"md","step-03-complete","bmm","bmm/3-solutioning/bmad-generate-project-context/steps/step-03-complete.md","e61463db76a8fa060411aa24127aee936d646b97564e9e2a883494ea50e68464"
"md","step-03-create-stories","bmm","bmm/3-solutioning/bmad-create-epics-and-stories/steps/step-03-create-stories.md","c5b787a82e4e49ed9cd9c028321ee1689f32b8cd69d89eea609b37cd3d481afc"
"md","step-03-customer-pain-points","bmm","bmm/1-analysis/research/bmad-market-research/steps/step-03-customer-pain-points.md","5b2418ccaaa89291c593efed0311b3895faad1e9181800d382da823a8eb1312a"
"md","step-03-detail-pass","bmm","bmm/4-implementation/bmad-checkpoint-preview/step-03-detail-pass.md","d48163b9f305f15af57729a8443142e47beb6c3e977554afe12b39ee49cb9fc0"
"md","step-03-epic-coverage-validation","bmm","bmm/3-solutioning/bmad-check-implementation-readiness/steps/step-03-epic-coverage-validation.md","7b187f03a47cba0325fcfd10240410db9c59d93768342fc2dd3de2a01ec23356"
"md","step-03-implement","bmm","bmm/4-implementation/bmad-quick-dev/step-03-implement.md","4d848865eafe5eeba7d83529c766bd410a9cc20a05de1d6a764954c7275b4749"
"md","step-03-integration-patterns","bmm","bmm/1-analysis/research/bmad-technical-research/technical-steps/step-03-integration-patterns.md","005d517a2f962e2172e26b23d10d5e6684c7736c0d3982e27b2e72d905814ad9"
"md","step-03-starter","bmm","bmm/3-solutioning/bmad-create-architecture/steps/step-03-starter.md","b7727e0f37bc5325e15abad1c54bef716d617df423336090189efd1d307a0b3f"
"md","step-03-triage","bmm","bmm/4-implementation/bmad-code-review/steps/step-03-triage.md","91eaa27f6a167702ead00da9e93565c9bff79dce92c02eccbca61b1d1ed39a80"
"md","step-04-architectural-patterns","bmm","bmm/1-analysis/research/bmad-technical-research/technical-steps/step-04-architectural-patterns.md","4636f23e9c585a7a0c90437a660609d913f16362c3557fc2e71d408d6b9f46ce"
"md","step-04-customer-decisions","bmm","bmm/1-analysis/research/bmad-market-research/steps/step-04-customer-decisions.md","f0bc25f2179b7490e7a6704159a32fc9e83ab616022355ed53acfe8e2f7059d5"
"md","step-04-decisions","bmm","bmm/3-solutioning/bmad-create-architecture/steps/step-04-decisions.md","7fc0ebb63ab5ad0efc470f1063c15f14f52f5d855da2382fd17576cf060a8763"
"md","step-04-final-validation","bmm","bmm/3-solutioning/bmad-create-epics-and-stories/steps/step-04-final-validation.md","6b83fcf177c24c6b43c2eb0df2efc1430cb0f357b3ab20ee8a5c5483c3fee079"
"md","step-04-present","bmm","bmm/4-implementation/bmad-code-review/steps/step-04-present.md","eee5687e9d7da9a0aeffd78180b8289fca804fc2d59896db5f65a8dd476e4869"
"md","step-04-regulatory-focus","bmm","bmm/1-analysis/research/bmad-domain-research/domain-steps/step-04-regulatory-focus.md","d22035529efe91993e698b4ebf297bf2e7593eb41d185a661c357a8afc08977b"
"md","step-04-review","bmm","bmm/4-implementation/bmad-quick-dev/step-04-review.md","e62a50a37ab20eb426f5abd44179dfac51548707b5e85e6fe7817c144cbe3dae"
"md","step-04-testing","bmm","bmm/4-implementation/bmad-checkpoint-preview/step-04-testing.md","28a56e868968ea2d18add0df8c4bccced0f94b698e218df3d45ddac072ce369c"
"md","step-04-ux-alignment","bmm","bmm/3-solutioning/bmad-check-implementation-readiness/steps/step-04-ux-alignment.md","f71e5f0d77615e885ae40fdee6b04c1dd6e472c871f87b515fe869cb5f6966fb"
"md","step-05-competitive-analysis","bmm","bmm/1-analysis/research/bmad-market-research/steps/step-05-competitive-analysis.md","17532051ad232cfc859f09ac3b44f9f4d542eb24cff8d07317126ccdff0d225a"
"md","step-05-epic-quality-review","bmm","bmm/3-solutioning/bmad-check-implementation-readiness/steps/step-05-epic-quality-review.md","d8a84e57f4e3a321734b5b5d093458ceb1e338744f18954c5a204f5ce3576185"
"md","step-05-implementation-research","bmm","bmm/1-analysis/research/bmad-technical-research/technical-steps/step-05-implementation-research.md","e2b8a2c79bcebadc85f3823145980fa47d7e7be8d1c112f686c6223c8c138608"
"md","step-05-patterns","bmm","bmm/3-solutioning/bmad-create-architecture/steps/step-05-patterns.md","3c80aba507aa46893ef43f07c5c321b985632ef57abc82d5ee93c3d9c2911134"
"md","step-05-present","bmm","bmm/4-implementation/bmad-quick-dev/step-05-present.md","ea49ce8703d4946ec54a59ff428d52ad64ab2649f49c43230bec1f3d09e85b55"
"md","step-05-technical-trends","bmm","bmm/1-analysis/research/bmad-domain-research/domain-steps/step-05-technical-trends.md","fd6c577010171679f630805eb76e09daf823c2b9770eb716986d01f351ce1fb4"
"md","step-05-wrapup","bmm","bmm/4-implementation/bmad-checkpoint-preview/step-05-wrapup.md","c2d4dbc17fed4f8ecbfcb09a2f9c77f0d4562bd27397270e2c27ba37cf4fe073"
"md","step-06-final-assessment","bmm","bmm/3-solutioning/bmad-check-implementation-readiness/steps/step-06-final-assessment.md","1b9c8c2a21950f85e052e05309bfcb3bfe38157ba6fca402ccf37444e7f1cee3"
"md","step-06-research-completion","bmm","bmm/1-analysis/research/bmad-market-research/steps/step-06-research-completion.md","4f5d3158a8462656d6959d29544ed5c92cb925641e2205e47af05c124fcd7666"
"md","step-06-research-synthesis","bmm","bmm/1-analysis/research/bmad-domain-research/domain-steps/step-06-research-synthesis.md","805f2cb7005a4fb0c4da52ea38d45de863f3e840e0f2de1456c414831cdbdf59"
"md","step-06-research-synthesis","bmm","bmm/1-analysis/research/bmad-technical-research/technical-steps/step-06-research-synthesis.md","64d9303ef0c9ce839dc3b2d72e94e3e5b4673e82dc7fc9f1571bd0b03b3a43a7"
"md","step-06-structure","bmm","bmm/3-solutioning/bmad-create-architecture/steps/step-06-structure.md","f8333ca290b62849c1e2eb2f770b46705b09fe0322217b699b13be047efdd03e"
"md","step-07-validation","bmm","bmm/3-solutioning/bmad-create-architecture/steps/step-07-validation.md","dde4cd93a3015011da9a8a3237aafa2d15d0935205686231e58bf7064f81cc28"
"md","step-08-complete","bmm","bmm/3-solutioning/bmad-create-architecture/steps/step-08-complete.md","6466e5196be63e9e21b81d6fed45f1ff547d6ac739271201d6180febc857473d"
"md","step-oneshot","bmm","bmm/4-implementation/bmad-quick-dev/step-oneshot.md","d68648848bb8277f5b762c3528c2aa42122268037b97d252a8f4faf4edb2830e"
"md","sync-sprint-status","bmm","bmm/4-implementation/bmad-quick-dev/sync-sprint-status.md","c0f2fdb940984206a4b7aa2467fbcb7c4811f648634e43a488593974e9efff5e"
"md","template","bmm","bmm/4-implementation/bmad-create-story/template.md","29ba697368d77e88e88d0e7ac78caf7a78785a7dcfc291082aa96a62948afb67"
"md","validate","bmm","bmm/2-plan-workflows/bmad-prd/references/validate.md","689387606f3df71641a619e42d2841c815de1e05f8ceb87d2198383e3cb0f98b"
"md","validate","bmm","bmm/2-plan-workflows/bmad-ux/references/validate.md","a9863cdcfd74edb0a34189594df46a5c3a2f08ab2524257f6a38342ec0a6cead"
"md","validate-doc","bmm","bmm/1-analysis/bmad-agent-tech-writer/validate-doc.md","3b8d25f60be191716266726393f2d44b77262301b785a801631083b610d6acc5"
"md","verdict","bmm","bmm/1-analysis/bmad-prfaq/references/verdict.md","1a1cbc34090114d3a2b928456edec1563b73d84fea66c58e98780bf680f172ec"
"md","web-researcher","bmm","bmm/1-analysis/bmad-prfaq/agents/web-researcher.md","6e9127bb9bd3e4b15c701e4ced9eef328769262cd34eadc221bebe954c1f3aef"
"md","write-document","bmm","bmm/1-analysis/bmad-agent-tech-writer/write-document.md","c0ddfd981f765b82cba0921dad331cd1fa32bacdeea1f02320edfd60a0ae7e6f"
"toml","customize","bmm","bmm/1-analysis/bmad-agent-analyst/customize.toml","7191f4a60ada7dbabe083699b2461f35778af7688924dc6ce05911cf1ffc9054"
"toml","customize","bmm","bmm/1-analysis/bmad-agent-tech-writer/customize.toml","bb828f2d26a136870099226f07c61297ce88ddd335823b7549592932bbe14a2e"
"toml","customize","bmm","bmm/1-analysis/bmad-document-project/customize.toml","3bbb5044fafdd865a5fe0863df116a479f30de7fb95c9cf4213f0b87ba1ba924"
"toml","customize","bmm","bmm/1-analysis/bmad-prfaq/customize.toml","8994f925bab65bd310e5ab38781286b6137f3e0c9e89f3ab8a2f480eb05e0de5"
"toml","customize","bmm","bmm/1-analysis/bmad-product-brief/customize.toml","cdd7b417de5b280ab5bd3af65f69654b05980b5efb48077563827c16391f42d6"
"toml","customize","bmm","bmm/1-analysis/research/bmad-domain-research/customize.toml","462ef14dc1e1f6d145fdfe25e315168fd1fa278ea5f87fe0fa86689234daec2f"
"toml","customize","bmm","bmm/1-analysis/research/bmad-market-research/customize.toml","f47af9158893dd3f7ab81ac03cb07d8c76342eead61ec7c9a8a463066b7db9af"
"toml","customize","bmm","bmm/1-analysis/research/bmad-technical-research/customize.toml","7f567fddb04674f817398addbc06e6d1620883d89dcc7ac643c5a56eef5ac337"
"toml","customize","bmm","bmm/2-plan-workflows/bmad-agent-pm/customize.toml","afc2250de25241ac3577c9827e1ee62d8c7a1913de8eb23aadfffb0aadbadc37"
"toml","customize","bmm","bmm/2-plan-workflows/bmad-agent-ux-designer/customize.toml","3df7da44945f9df34dbb3a64de086c756e6c298e73078e388e8f9a4f57cbf7ab"
"toml","customize","bmm","bmm/2-plan-workflows/bmad-create-prd/customize.toml","0c990af4c0a755402abbef893850bd542744a8b6f36c0587c9f3fb6dab6bf5e7"
"toml","customize","bmm","bmm/2-plan-workflows/bmad-edit-prd/customize.toml","35cc2dfb3eda73a0ae4dc987cac58867b25c43ce5c5a1bf552e215826ede6c22"
"toml","customize","bmm","bmm/2-plan-workflows/bmad-prd/customize.toml","c30f48939b558a0e7e4c0a4d4f6eb08e50bad4464ca64c652247d114a398d459"
"toml","customize","bmm","bmm/2-plan-workflows/bmad-ux/customize.toml","1f1d7754ea7bba38d1dc3702f60eac50ceba4f515f61e296dab2f0d14281aa84"
"toml","customize","bmm","bmm/2-plan-workflows/bmad-validate-prd/customize.toml","bfb3c8af5b81b2cdb9bb84f844f1b0dafc40d8c283effa6ad48db966b9446cef"
"toml","customize","bmm","bmm/3-solutioning/bmad-agent-architect/customize.toml","32e8074896a569ce59e4db62ab3b4af396798b8fa50c67449a5d90c2a7a7e074"
"toml","customize","bmm","bmm/3-solutioning/bmad-check-implementation-readiness/customize.toml","571d81087b7a6d914cf7c2f21aa26354eac385bb2f5cfeabc591892cbb98d036"
"toml","customize","bmm","bmm/3-solutioning/bmad-create-architecture/customize.toml","618be49b0286f18dfb4b6bac3d96bf1cf062994fa5278cd327be9898e651b43c"
"toml","customize","bmm","bmm/3-solutioning/bmad-create-epics-and-stories/customize.toml","da9e43605bc6aec83173050b5d37ede6aebfa9a17c5959a5029681d73e744ba3"
"toml","customize","bmm","bmm/3-solutioning/bmad-generate-project-context/customize.toml","00b6e893b93a1be7c04408f1824dad72c2c43ee02ba29210725e34394bf8225e"
"toml","customize","bmm","bmm/4-implementation/bmad-agent-dev/customize.toml","b56c0af68e2234dc57d9ebe765049ebd9df9e24909d0d9b2b4b12ddefe5291a7"
"toml","customize","bmm","bmm/4-implementation/bmad-checkpoint-preview/customize.toml","1a1e0c3a8914adda3cec925eed51287e067c7f84120de64a8df53348e7b77de5"
"toml","customize","bmm","bmm/4-implementation/bmad-code-review/customize.toml","94ad662fdf3fda372c6e24b2cbda629d0b2aa851097d02afb5905c768b1a1cde"
"toml","customize","bmm","bmm/4-implementation/bmad-correct-course/customize.toml","78095d25afb5b2d4844956f61e9ac640a62d0245174fab9406e9c289f33fd84b"
"toml","customize","bmm","bmm/4-implementation/bmad-create-story/customize.toml","1204f6de064436922f2813069778eb4eaa5f1f945aa8ea5a5ffb87897a2ba8fe"
"toml","customize","bmm","bmm/4-implementation/bmad-dev-story/customize.toml","592fa7948c4614609a59b152518f518d35e0178d6aa7c22e169d78157fd9f5aa"
"toml","customize","bmm","bmm/4-implementation/bmad-investigate/customize.toml","7ec009a4a0a9b476de98de99938f58e319dc6f410b9176910c9ed725e80519e1"
"toml","customize","bmm","bmm/4-implementation/bmad-qa-generate-e2e-tests/customize.toml","04a99926b2d79318b927434c7344dc666f143026ed99c7fcc0d6e3d68263ae66"
"toml","customize","bmm","bmm/4-implementation/bmad-quick-dev/customize.toml","5ba463713de51762eb381be787cbd657932333b808be370d851fc3e40f139e2f"
"toml","customize","bmm","bmm/4-implementation/bmad-retrospective/customize.toml","0b032c342129732820ca2db386d2d5e26d033d8ac296388fc9f2e78765fab9fb"
"toml","customize","bmm","bmm/4-implementation/bmad-sprint-planning/customize.toml","f7bde2f792e8604f26122ee792c5493e270710296044b07680db7d90e886caf3"
"toml","customize","bmm","bmm/4-implementation/bmad-sprint-status/customize.toml","96261fd227befaa4685b0a5091d3e85299d4ae8e4404176b42f5ef2e2fb501bd"
"yaml","config","bmm","bmm/config.yaml","79a6bad2732bbb8053d4be0cbe5449121ea8ad8b4d73f73ca8a9d13b587b189d"
"yaml","sprint-status-template","bmm","bmm/4-implementation/bmad-sprint-planning/sprint-status-template.yaml","deeec135d875b107618dd41278349689b5f3dcb5894d7509909417a570f46fd9"
"toml","config","config.toml","config.toml","02da827a50b3a8c6db55f2440c5c41f1949d903050b0377b083388fd01301cb8"
"toml","config.user","config.user.toml","config.user.toml","9f87b3772c908e42e05304e65142ab3dec0deb8f52016f7919a66b824a7b8719"
"csv","brain-methods","core","core/bmad-brainstorming/brain-methods.csv","0ab5878b1dbc9e3fa98cb72abfc3920a586b9e2b42609211bb0516eefd542039"
"csv","methods","core","core/bmad-advanced-elicitation/methods.csv","168ffcedd12bf987b087773b12c783126bb7ba64018b54752b89ee67c16dfa84"
"csv","module-help","core","core/module-help.csv","ad3511e78826fc17447262fb585af19848e3002291715736308f9fff5b993bd5"
"md","headless-schemas","core","core/bmad-spec/assets/headless-schemas.md","85c94b15dc1f836967f0628ec36e65547b392074b5cf2ecf92b252765fbd1da6"
"md","SKILL","core","core/bmad-advanced-elicitation/SKILL.md","705cc827cab892855d07dcc926f5c9f749c3abab33e915d6ac1574aec174896b"
"md","SKILL","core","core/bmad-brainstorming/SKILL.md","f4a2c22b40ed34cdbd3282dd6161a3b869902f3bc75b58e181fc9faf78eedd9d"
"md","SKILL","core","core/bmad-customize/SKILL.md","6461073f9322f5f2ec64477d6ae5e79c601e36e3160e492fef4bc2d928d4a9a8"
"md","SKILL","core","core/bmad-editorial-review-prose/SKILL.md","b3687fe80567378627bc2a0c5034ae8d65dfeedcf2b6c90da077f4feca462d0c"
"md","SKILL","core","core/bmad-editorial-review-structure/SKILL.md","164444359d74f695a84faf7ea558d0eef39c75561e6b26669f97a165c6f75538"
"md","SKILL","core","core/bmad-help/SKILL.md","a766c6bd76bcfc4a49a683417440d39978a2e10bb5618dfd469fff03f96b4b4d"
"md","SKILL","core","core/bmad-index-docs/SKILL.md","a855d7060414e73ca4fe8e1a3e1cc4d0f2ce394846e52340bdf5a1317e0d234a"
"md","SKILL","core","core/bmad-party-mode/SKILL.md","bd13fd6cb0b0c61d215e4c394cf4b7cac3a465394c3918f4dc14910513ddb898"
"md","SKILL","core","core/bmad-review-adversarial-general/SKILL.md","7bffc39e6dba4d9123648c5d4d79e17c3c5b1efbd927c3fe0026c2dbb8d99cff"
"md","SKILL","core","core/bmad-review-edge-case-hunter/SKILL.md","f49ed9976f46b4cefa1fc8b4f0a495f16089905e6a7bbf4ce73b8f05c9ae3ee6"
"md","SKILL","core","core/bmad-shard-doc/SKILL.md","3a1538536514725fd4f31aded280ee56b9645fc61d114fd94aacb3ac52304e52"
"md","SKILL","core","core/bmad-spec/SKILL.md","13ecac915925d6786150ae312019220a6efcb8e94b9a883f095dce7e54f263ee"
"md","spec-template","core","core/bmad-spec/assets/spec-template.md","0385e0b3ad589b8af366cdce928a1e430d9afb8c5242c2ae8d887e0bade7f412"
"md","step-01-session-setup","core","core/bmad-brainstorming/steps/step-01-session-setup.md","7fd2aed9527ccdf35fc86bd4c9b27b4a530b5cfdfb90ae2b7385d3185bcd60bc"
"md","step-01b-continue","core","core/bmad-brainstorming/steps/step-01b-continue.md","49f8d78290291f974432bc8e8fce340de58ed62aa946e9e3182858bf63829920"
"md","step-02a-user-selected","core","core/bmad-brainstorming/steps/step-02a-user-selected.md","7ff3bca27286d17902ecea890494599796633e24a25ea6b31bbd6c3d2e54eba2"
"md","step-02b-ai-recommended","core","core/bmad-brainstorming/steps/step-02b-ai-recommended.md","cb77b810e0c98e080b4378999f0e250bacba4fb74c1bcb0a144cffe9989d2cbd"
"md","step-02c-random-selection","core","core/bmad-brainstorming/steps/step-02c-random-selection.md","91c6e16213911a231a41b1a55be7c939e7bbcd1463bd49cb03b5b669a90c0868"
"md","step-02d-progressive-flow","core","core/bmad-brainstorming/steps/step-02d-progressive-flow.md","6b6fbbd34bcf334d79f09e8c36ed3c9d55ddd3ebb8f8f77aa892643d1a4e3436"
"md","step-03-technique-execution","core","core/bmad-brainstorming/steps/step-03-technique-execution.md","3600f54c8d3d529f80627cf00f50168f4312ae44981909fc26bd7f5d425fab81"
"md","step-04-idea-organization","core","core/bmad-brainstorming/steps/step-04-idea-organization.md","acb7eb6a54161213bb916cabf7d0d5084316704e792a880968fc340855cdcbbb"
"md","template","core","core/bmad-brainstorming/template.md","5c99d76963eb5fc21db96c5a68f39711dca7c6ed30e4f7d22aedee9e8bb964f9"
"md","workflow","core","core/bmad-brainstorming/workflow.md","971d306262c303c3d63e2d2183c2963abc71acb72fa0964160be95a809a4a0d9"
"py","list_customizable_skills","core","core/bmad-customize/scripts/list_customizable_skills.py","8787f542930b927789e7fdf12bc5a67ff08e19865903a5ad05ff2cc8fc426b66"
"py","test_list_customizable_skills","core","core/bmad-customize/scripts/tests/test_list_customizable_skills.py","b55fc2e454f245753874f359c18ade9f3ad04debd66176c6e6bf3e403ca9c812"
"toml","customize","core","core/bmad-spec/customize.toml","b0181ba5d4038feb779a7a082a265df753220f868b66b5adb0fb2ed18401c763"
"yaml","config","core","core/config.yaml","09b3264f27da7a714692b450c4b10a566151dba43064503d54047446c14fa6ff"
"csv","module-help","hbc","hbc/hbc-setup/assets/module-help.csv","8ce36ef0ece8586b8bc42bf6d49c6cc244a8200553c512172d8bf2f9fc7c17f0"
"csv","module-help","hbc","hbc/module-help.csv","8ce36ef0ece8586b8bc42bf6d49c6cc244a8200553c512172d8bf2f9fc7c17f0"
"file",".gitignore","hbc","hbc/hbc-create-business-flow-diagram/.gitignore","9ecd212f896a5280b4bfeda11dd0b71dde00cce650a350a5f427ec95b2533d4d"
"file",".gitignore","hbc","hbc/hbc-create-er-diagram/.gitignore","9ecd212f896a5280b4bfeda11dd0b71dde00cce650a350a5f427ec95b2533d4d"
"md",".decision-log","hbc","hbc/hbc-agent-ba/references/.decision-log.md","f997a083b47059c329cb7e134ae8de7f0bb4972d74f756d948e15cd971b7f4ac"
"md",".decision-log","hbc","hbc/hbc-create-requirements/references/.decision-log.md","c5c5d4cee649e8de834b9459cad8704a677c52704890e5dd8638f7704807d92e"
"md",".decision-log","hbc","hbc/hbc-create-glossary/references/.decision-log.md","052acf5c2da4e893ad25543cc37e0a94c0d2b614b5e12bd0391bf56cfa15c7de"
"md",".decision-log","hbc","hbc/hbc-create-business-flow-diagram/references/.decision-log.md","19c842a4e4a32d971515c56a01cf96cb978a7d3047d37bb113542f8cf3ce683f"
"md",".decision-log","hbc","hbc/hbc-create-er-diagram/references/.decision-log.md","1a4c8caf9b730e0510950d6b0e58a74fd4d7eedf350be7d5dacc367fc2dc61b0"
"md","D-02_requirements_template","hbc","hbc/hbc-create-requirements/assets/D-02_requirements_template.md","cb4f75f9711e1db22b7c0452688727e06a8def20f1276e4a289914133b2baaa2"
"md","D-03_用語集_template","hbc","hbc/hbc-create-glossary/assets/D-03_用語集_template.md","2b85fac6e40e33daabd2e959075b3d122af18b73f4682efe8e9471b4315b5b96"
"md","D-06_business-flow-diagram_template","hbc","hbc/hbc-create-business-flow-diagram/assets/D-06_business-flow-diagram_template.md","922c7cc9c588c882bf73e3f3fcb30e2787db6e5c87d1e4f2bacd019d1e3fbdbb"
"md","D-12_coding-standards_template","hbc","hbc/hbc-create-coding-standards/assets/D-12_coding-standards_template.md","0bbf0fdfa17758ede323379601f2a35b80dc006d2653d3ac30d87370c92b1a0d"
"md","D-19_データベース設計書_template","hbc","hbc/hbc-create-er-diagram/assets/D-19_データベース設計書_template.md","eaebbad04466ed22a670fdc5aee6ec03c0b7882a894f5149f07a5bbe709e1e8e"
"md","D-21_api-spec_template","hbc","hbc/hbc-create-api-spec/assets/D-21_api-spec_template.md","a5ca54fe1a8a67a95581a4a18c9951246b380d305385fb2a2308ceea6cffeb18"
"md","D-26_test-plan_template","hbc","hbc/hbc-create-test-plan/assets/D-26_test-plan_template.md","108c25b5514e59ae4cf9219364e10c750fb01d3d389f2be111894de41fb1e444"
"md","D-27_test-spec_template","hbc","hbc/hbc-create-test-spec/assets/D-27_test-spec_template.md","294d301fb3a9c7354d7833623c616dbf0387edf71a1bca5ecc45f5d10a50c0ab"
"md","decision-log-template","hbc","hbc/hbc-create-business-flow-diagram/assets/decision-log-template.md","e8bbe2856d66841bff17bde3f6194a0d4f296f8f6b011290b396465f4f531e5d"
"md","decision-log-template","hbc","hbc/hbc-create-er-diagram/assets/decision-log-template.md","f2a25c9b51905e9a59fdc3957aee74ccbe6ad4193a7de2f4712e5e57e4b83f45"
"md","gate-report-template","hbc","hbc/hbc-phase-gate/assets/gate-report-template.md","ca6cc33d504e4ad0aa659a9f8a360cb872c2c7aa89615d24f95452df504960b1"
"md","headless-contract","hbc","hbc/hbc-create-requirements/references/headless-contract.md","57e48159016dc78e61d2baef4f06a396c1cd31908f61075767ed1694d0a81924"
"md","headless-contract","hbc","hbc/hbc-create-glossary/references/headless-contract.md","ecf4072ca04bdb95774718e20424b0229db710d4214384b413a91d3e02d4f431"
"md","headless-contract","hbc","hbc/hbc-create-business-flow-diagram/references/headless-contract.md","dbe4156d5183c68af76bf543e736d4b4547016d94f284d4c85b7a92e7f203d87"
"md","headless-contract","hbc","hbc/hbc-create-er-diagram/references/headless-contract.md","39d3f723d8d048aa578a87ad4bddf09655531c488488ed993dd8c8e7cb76e4cf"
"md","headless-contract","hbc","hbc/hbc-create-coding-standards/references/headless-contract.md","5677a69027265c7caef18546fa129bee53bf5f5843764afb8d98f46011d37fe1"
"md","headless-contract","hbc","hbc/hbc-create-api-spec/references/headless-contract.md","8cb46a1ae60fa1d252c48c19b1ab20a05088999f40ea4705a8e82ac4665b6635"
"md","headless-contract","hbc","hbc/hbc-create-test-plan/references/headless-contract.md","0041072ed6b39eac16fd0fa217ebaf88444daa591345aae0d322949aebf0b8c1"
"md","headless-contract","hbc","hbc/hbc-create-test-spec/references/headless-contract.md","7dde2e0ca592adbe2960c8a610800ab9454cb4aef8fe271ed2b311416becd4bd"
"md","headless-contract","hbc","hbc/hbc-task-breakdown/references/headless-contract.md","648dd64da1cd0ffd20b959b7bc9eaf9cf04eea63e533d073c728eee4f0527dbd"
"md","headless-contract","hbc","hbc/hbc-implement/references/headless-contract.md","2f3afe5dc918884b0ab7b3aab77096221b303681a333d0dedd654bd157a803b9"
"md","headless-contract","hbc","hbc/hbc-test-execution/references/headless-contract.md","96aba11cd844a79e420d4310b5ec80df8937d43ce1d1198ba0fd82c4e5feb1a4"
"md","headless-contract","hbc","hbc/hbc-acceptance-check/references/headless-contract.md","4460f6174cb22d1b6bf677677dad7e3be87863ef81f1c572064ccd5e57518628"
"md","matrix-template","hbc","hbc/hbc-traceability/assets/matrix-template.md","196f73c4f4ddf29b01e51933817750f5c9ab462a7b5cf2797431afd2a575ebaa"
"md","phase-1-gate-checklist","hbc","hbc/hbc-phase-gate/assets/phase-1-gate-checklist.md","afc9d1fa30076133aa72131520e9df8869a72da36262d3f35cda233c32b4e278"
"md","phase-2-gate-checklist","hbc","hbc/hbc-phase-gate/assets/phase-2-gate-checklist.md","86eac937f748adaba33124852aaebec7048161d72054b451459828e6c2b7b1be"
"md","phase-3-gate-checklist","hbc","hbc/hbc-phase-gate/assets/phase-3-gate-checklist.md","2500395a952580284462463dda7e03f93b806a4140002e75245cdf502941c3cb"
"md","phase-4-gate-checklist","hbc","hbc/hbc-phase-gate/assets/phase-4-gate-checklist.md","229fa820c6ae9fe94496dad832e57b10263c36affdb490a6f1d144722da79e4e"
"md","SKILL","hbc","hbc/hbc-setup/SKILL.md","c847e118a9a31baa3f5f2659a961d672d362dd1e35197c9c4139e5491ea3d2c6"
"md","SKILL","hbc","hbc/hbc-agent-ba/SKILL.md","f99d1687ec10dcbd9076e58bb26a03f99c546652f2b2194889268cc19fe2d2fd"
"md","SKILL","hbc","hbc/hbc-agent-architect/SKILL.md","99fd8edbbfa53940e55ef2a61c6a1409d4129cc44ec2983eb3258d67a9941dbb"
"md","SKILL","hbc","hbc/hbc-agent-qa/SKILL.md","899575f632eac1deed79ba3c72eac1d7183034233bc5ac5e0b0ccf9dac1b6d25"
"md","SKILL","hbc","hbc/hbc-agent-dev/SKILL.md","f00581a96de32a895945933d1c6afcbf6740df25c3c6100016c491c64b248a5c"
"md","SKILL","hbc","hbc/hbc-agent-tester/SKILL.md","7faba1f8a338eb6a4cf412449deb81ad48dd3399add3ca8963e0ffd44d5a97cb"
"md","SKILL","hbc","hbc/hbc-create-requirements/SKILL.md","0aaeb95451267b52763e5380048322a92c44d52d29f5431621f3b8fca47edce8"
"md","SKILL","hbc","hbc/hbc-create-glossary/SKILL.md","00f388c29c553c0d1ba114b3092b7c1ec31e709bf390d9558b3b206f34c2f7e8"
"md","SKILL","hbc","hbc/hbc-create-business-flow-diagram/SKILL.md","fb1e1a2e67dbfd08dfdba22243b37e5844031158559d94a3d9dea2b376862711"
"md","SKILL","hbc","hbc/hbc-create-er-diagram/SKILL.md","b47f3a74e26266c063ea8664c02eb7142f0af11f86061a5d59052ff5cf661ae7"
"md","SKILL","hbc","hbc/hbc-create-coding-standards/SKILL.md","432d052d9e48fff6e8fa96f547870fb1168f1a22b0663aaace5399a15a5797d4"
"md","SKILL","hbc","hbc/hbc-create-api-spec/SKILL.md","cf483903301b78953e4e0279f35065e440ec92859fbec32ac87980393cb1bc73"
"md","SKILL","hbc","hbc/hbc-create-test-plan/SKILL.md","fe81451f7f49523628f57b57a0acd74af2bcbe79a6da9163dde565d5609298cf"
"md","SKILL","hbc","hbc/hbc-create-test-spec/SKILL.md","af87e551f82fa1ba6e37f14a11162d9f865540ef78410b10baff3162f7181c6a"
"md","SKILL","hbc","hbc/hbc-task-breakdown/SKILL.md","f9a710beebe497297235009d8c57e5a1aefe11aa9bfe0b8085b05c7bf1210b43"
"md","SKILL","hbc","hbc/hbc-implement/SKILL.md","8abb5bfd966655f4272ea04f6fbc4463412c67e6faba4adc115743a0efd8ad7d"
"md","SKILL","hbc","hbc/hbc-test-execution/SKILL.md","4d5e71a15a8852d60b27960f116ebb416e2ed0b0dc009798b8a952606664c968"
"md","SKILL","hbc","hbc/hbc-acceptance-check/SKILL.md","c0ab387ef9d9a035150dc493eb93fa24db9c666e86b7aa1362012f712251062d"
"md","SKILL","hbc","hbc/hbc-phase-gate/SKILL.md","3d5890eee17ee61ed45f700f736140018f1189894cbe0f66f1dec12da94850d8"
"md","SKILL","hbc","hbc/hbc-traceability/SKILL.md","bbf50fa7e1deeba27dd0e41a2233ef3977c13965c9159eab7a3761236b4283af"
"py","check-entity-coverage","hbc","hbc/hbc-create-er-diagram/scripts/check-entity-coverage.py","073e566faf6b3fdcf6608007c186db4253cdad60497dd9ef980acc47e9838abb"
"py","check-fr-coverage","hbc","hbc/hbc-create-business-flow-diagram/scripts/check-fr-coverage.py","c223b716e1b7ade3b776524ebfe47007d7e651078b7aba82fdd6dd7aad0909c6"
"py","cleanup-legacy","hbc","hbc/hbc-setup/scripts/cleanup-legacy.py","827b32af838a8b0c4d85e4c44cfe89f6ddfffef3df4f27da7547c8dcbdc7f946"
"py","diff-stage2-flush","hbc","hbc/hbc-create-business-flow-diagram/scripts/diff-stage2-flush.py","ac8be709c097613344e99f8dbb9a11133492c86807459f2e09fdb7d2aae9fbe3"
"py","discover-planning-artifacts","hbc","hbc/hbc-create-business-flow-diagram/scripts/discover-planning-artifacts.py","80bdb3e79f6f587c2473ed10854ca2a69612c5244f290920f36bba9dec39c6a4"
"py","discover-planning-artifacts","hbc","hbc/hbc-create-er-diagram/scripts/discover-planning-artifacts.py","4e361067c19c7ae0596df97927dba53077f69bbd70fdc2806fb372b1b7def465"
"py","evaluate-gate-checklist","hbc","hbc/hbc-phase-gate/scripts/evaluate-gate-checklist.py","3255be459c322e25917652c14234a34c6ba4e076d9c4a9deb95bbf5af3a28b2a"
"py","extract-entity-candidates","hbc","hbc/hbc-create-er-diagram/scripts/extract-entity-candidates.py","85f1373e076d03394c166d4aee0f6ebb7350a016480aab1f63c3a0334d85a2c7"
"py","extract-trace-ids","hbc","hbc/hbc-traceability/scripts/extract-trace-ids.py","e5e0264f4e496ee61af4548f08dcfce9918e86d6c6df7ac985623643d648dd30"
"py","generate-gate-delta","hbc","hbc/hbc-phase-gate/scripts/generate-gate-delta.py","0f3f2317ecdf9788e1a34535656ef5671a30c0295fd845bd2592e94233765ac7"
"py","merge-config","hbc","hbc/hbc-setup/scripts/merge-config.py","56f9e79cbdf236083a4afb156944945cc47b0eea355a881f1ee433d9664a660d"
"py","merge-help-csv","hbc","hbc/hbc-setup/scripts/merge-help-csv.py","f30cd4c3a2c66153c54a6574caf0d1de82bbdad0ebe219f6cc16afb982873968"
"py","run-tests","hbc","hbc/hbc-create-business-flow-diagram/scripts/tests/run-tests.py","0d11e6a86f6553018a79d06fbc33c79d11264640a1f25de613ffb1ac8062a514"
"py","scan-api-sources","hbc","hbc/hbc-create-api-spec/scripts/scan-api-sources.py","aeedb9daf895d427f8f5cacab277c87d34492e22fde90b7a25352e97e910a58f"
"py","scan-coding-standards","hbc","hbc/hbc-create-coding-standards/scripts/scan-coding-standards.py","408a1257647279dc78567506de5fdd7d3a817b6b01eeeba5518cedc049985c8b"
"py","scan-glossary-sources","hbc","hbc/hbc-create-glossary/scripts/scan-glossary-sources.py","052da731e4ff0b7b20041591bc12d40bb9c2f1427b604fb0471d46f2b4068f51"
"py","scan-impl-state","hbc","hbc/hbc-agent-dev/scripts/scan-impl-state.py","fa85765a036ca56408d99ae51e9615e3662d06d61a542c738c3dc3600093632d"
"py","scan-phase1-state","hbc","hbc/hbc-agent-ba/scripts/scan-phase1-state.py","cc1237f3661015cdc8da3ec997b84feea75331cddeba0990904bb184c9cd3c39"
"py","scan-phase2-state","hbc","hbc/hbc-agent-architect/scripts/scan-phase2-state.py","3378b091249559ccecf2a81c7ce7b0147956fefd60b94e2c33e565f8cfae7a11"
"py","scan-phase4-state","hbc","hbc/hbc-agent-tester/scripts/scan-phase4-state.py","7e0e7000e016c5e8a3b9d6b066121db6db86fc693574c00fad9e481bbe7ecb9e"
"py","scan-sources","hbc","hbc/hbc-create-requirements/scripts/scan-sources.py","bb79a35d5efa49d0e01d4ed577393ebbbf12497ae2e5c5bfb8fd3f82d8f89afb"
"py","scan-test-design-state","hbc","hbc/hbc-agent-qa/scripts/scan-test-design-state.py","f87537167d80d5ad61836c5c612847fc42da2297741b2e7e60f2a0cc2edd1bc3"
"py","scan-test-plan-sources","hbc","hbc/hbc-create-test-plan/scripts/scan-test-plan-sources.py","63f5d2f68e04a1ad7f672576a53cefb69e31e279f028e2d2437383896194ce61"
"py","scan-test-spec-sources","hbc","hbc/hbc-create-test-spec/scripts/scan-test-spec-sources.py","191a6b3d64f9dab6c62c339a7b48f89f9fc5e32df8e75cb8fe61f5f470e3a2d3"
"py","test_check_entity_coverage","hbc","hbc/hbc-create-er-diagram/scripts/tests/test_check_entity_coverage.py","40c4fb5109cc2b226aa85f7e18dd09bd9303ada8adf8ff4039bf7682af18a7b8"
"py","test_check-fr-coverage","hbc","hbc/hbc-create-business-flow-diagram/scripts/tests/test_check-fr-coverage.py","76d159196c2a5088b61dbcee55f1a324b2a2fd0e000fe2e5606ad6788098bffa"
"py","test_cleanup_legacy","hbc","hbc/hbc-setup/scripts/tests/test_cleanup_legacy.py","701bee672350e0924ad8d4ad8b767b807c283900b493833a06ea3d717c19880a"
"py","test_diff-stage2-flush","hbc","hbc/hbc-create-business-flow-diagram/scripts/tests/test_diff-stage2-flush.py","92e2802cd34f8611d85771c0e0c8d11fcb2ae8fe2075780f6d39c17aee3671b5"
"py","test_discover_planning_artifacts","hbc","hbc/hbc-create-er-diagram/scripts/tests/test_discover_planning_artifacts.py","c53a7429ce20a641acfe78e5ff7a57adb15db9d5ac2396ffccdca21c3eff44b0"
"py","test_discover-planning-artifacts","hbc","hbc/hbc-create-business-flow-diagram/scripts/tests/test_discover-planning-artifacts.py","e026d491d18434c7e66b958139c528e9f599f4b76f16ebda36681d3cf317d4ee"
"py","test_extract_entity_candidates","hbc","hbc/hbc-create-er-diagram/scripts/tests/test_extract_entity_candidates.py","baa776fc7b1c2cf116f4759bc905cbf7f654617d882e96540ea6ee23ff4a2076"
"py","test_merge_config","hbc","hbc/hbc-setup/scripts/tests/test_merge_config.py","c565d5b4598e7d7476b4b48b48f044f1fbbed4dd47e6601e185bc790c017d9d3"
"py","test_merge_help_csv","hbc","hbc/hbc-setup/scripts/tests/test_merge_help_csv.py","5f25dbfe684c897fb3190383a4006e4f5692d37f9d62fb0b944df61e1dc00f8c"
"py","test_scan_glossary_sources","hbc","hbc/hbc-create-glossary/scripts/tests/test_scan_glossary_sources.py","c160d5bc471520a46ab2df100b80319827ac1d4e5364adf2a52f0328b79e64dc"
"py","test_scan_sources","hbc","hbc/hbc-create-requirements/scripts/tests/test_scan_sources.py","7e9b715c969e539ffb3ce0be50fc1392a9670b8cfb9bc1b0c87739ef233f7822"
"py","test_validate_glossary","hbc","hbc/hbc-create-glossary/scripts/tests/test_validate_glossary.py","75758ef826f6be72a1022915307702beebccbd88f4282e252eaf398d333ac7be"
"py","test_validate_mermaid_er","hbc","hbc/hbc-create-er-diagram/scripts/tests/test_validate_mermaid_er.py","49f5f68638a7274f41a8dd15ce9f8e1582061ba73a9069728d01eb71064822a9"
"py","test_validate_requirements","hbc","hbc/hbc-create-requirements/scripts/tests/test_validate_requirements.py","fba3127a3fc91fade959d65e45a6c316c2c5ca6c2a43066a2e2a686810c204e1"
"py","test_validate-mermaid","hbc","hbc/hbc-create-business-flow-diagram/scripts/tests/test_validate-mermaid.py","4cc7146c497a298b350726d3f05f828179ca96d9d50b340f19fc31bd06e2a345"
"py","test-evaluate-gate-checklist","hbc","hbc/hbc-phase-gate/scripts/tests/test-evaluate-gate-checklist.py","e7127dffa3b9698d7f7f9f63d54a21c30fd83b27555af73b75ad85ff9f978308"
"py","test-extract-trace-ids","hbc","hbc/hbc-traceability/scripts/tests/test-extract-trace-ids.py","49deb26404f2234396a90291579fb258b72a7a635270a596cdde8c8b6d7b9846"
"py","test-generate-gate-delta","hbc","hbc/hbc-phase-gate/scripts/tests/test-generate-gate-delta.py","5be60b960e40c64e7d6a08e08d9c342ec304cfd20d1f5ad205ba65129276fa37"
"py","test-scan-api-sources","hbc","hbc/hbc-create-api-spec/scripts/tests/test-scan-api-sources.py","70ba71bbff79fade2d34984d9718e3c4e66e3b557ef17fce5b5a04aa75c9e3e7"
"py","test-scan-coding-standards","hbc","hbc/hbc-create-coding-standards/scripts/tests/test-scan-coding-standards.py","b6fd5f0150aabe868e464c9f11f266076189342a76c0032f8eb3aeafba40729d"
"py","test-scan-impl-state","hbc","hbc/hbc-agent-dev/scripts/tests/test-scan-impl-state.py","87db3a71c272bab7ab6d148b9f92f7e9b18ae728616c8dc18d43f206f6d5eb1f"
"py","test-scan-phase1-state","hbc","hbc/hbc-agent-ba/scripts/tests/test-scan-phase1-state.py","f966431edc08b8b35736e6033065a27bc64ec79bb357a65e777bf8bd2b8bfe47"
"py","test-scan-phase2-state","hbc","hbc/hbc-agent-architect/scripts/tests/test-scan-phase2-state.py","148fd33c5ee53611c5d50420056ee0e919d662d418fc4f3a7ac3e54efd187237"
"py","test-scan-phase4-state","hbc","hbc/hbc-agent-tester/scripts/tests/test-scan-phase4-state.py","bc9bed1a8fa505b61f2fadbe6eb303a542a5dac09186d4731bd300176d7bd097"
"py","test-scan-test-design-state","hbc","hbc/hbc-agent-qa/scripts/tests/test-scan-test-design-state.py","c1993d360cc73e3132dc711f4ff5708bdaa6ad40f6329eb3107d69838a8fcc02"
"py","test-scan-test-plan-sources","hbc","hbc/hbc-create-test-plan/scripts/tests/test-scan-test-plan-sources.py","81f3086cf803b72eac860ba2b0f8b78a1b1edb768e63ee782853c57be35ce26c"
"py","test-scan-test-spec-sources","hbc","hbc/hbc-create-test-spec/scripts/tests/test-scan-test-spec-sources.py","b86fbb6e07bad8e36544b068d06111ebff7d49cfe8a158071b59c77b0723eab8"
"py","test-trace-report","hbc","hbc/hbc-traceability/scripts/tests/test-trace-report.py","7fbe4adb8756e44c26fb3e1937ccfe9a89a51bb5cf7a32b3d7783a9d1dff285e"
"py","test-validate-acceptance-check","hbc","hbc/hbc-acceptance-check/scripts/tests/test-validate-acceptance-check.py","4b88130797c3447939a0b35ca35d97ec56a8a69d080ac728f3d357e6461969d7"
"py","test-validate-api-spec","hbc","hbc/hbc-create-api-spec/scripts/tests/test-validate-api-spec.py","ca7889581f7b3d34aae95ac572ac29d3320200efb4162b66df098345b505c84b"
"py","test-validate-coding-standards","hbc","hbc/hbc-create-coding-standards/scripts/tests/test-validate-coding-standards.py","ba7837d7e70ae08d4d0b269658615312f7f8f3d1a2b1cfb7c82bfa5a63fac9f7"
"py","test-validate-task-breakdown","hbc","hbc/hbc-task-breakdown/scripts/tests/test-validate-task-breakdown.py","3a2b0403f857278ce9149a2552a060cbfa075ea839916b1917f4b3588ed9af79"
"py","test-validate-test-execution","hbc","hbc/hbc-test-execution/scripts/tests/test-validate-test-execution.py","97a90d2b0fa081f51ea630c9a29651858f0a6284d92867dba5774618bcff3624"
"py","test-validate-test-plan","hbc","hbc/hbc-create-test-plan/scripts/tests/test-validate-test-plan.py","0a018714de26c1fc28a79bbd7693bcdc0296f271537d10a407e5ebcdce686ff5"
"py","test-validate-test-spec","hbc","hbc/hbc-create-test-spec/scripts/tests/test-validate-test-spec.py","e427e9d2dfd757c524bf04ff7b59086ac59b01b4a180ded35d3fb3234359b28c"
"py","trace-report","hbc","hbc/hbc-traceability/scripts/trace-report.py","8df311ee72f71fc542c195a0cec2d55a711d506fcca38dac51ac784842728558"
"py","validate-acceptance-check","hbc","hbc/hbc-acceptance-check/scripts/validate-acceptance-check.py","6d39bb77a13eb93025ef2f233319d84de6e937632d29e9f3997a3791cf8d27da"
"py","validate-api-spec","hbc","hbc/hbc-create-api-spec/scripts/validate-api-spec.py","0fc5179c6607fd01f426d95393ac6bc28ea1b73c8f7cac6fa0da063d0c765292"
"py","validate-coding-standards","hbc","hbc/hbc-create-coding-standards/scripts/validate-coding-standards.py","45d776da8c524ba54528d89963373b6294cb546dd7a7192afc3cc7117001f621"
"py","validate-glossary","hbc","hbc/hbc-create-glossary/scripts/validate-glossary.py","967fcc81a192e1caa346426baf76d5be1e673d5e25cb538d6e3abaadac87980f"
"py","validate-mermaid","hbc","hbc/hbc-create-business-flow-diagram/scripts/validate-mermaid.py","fd5c47498b5a12087fabf5474ed13dbb8901b5734530410e7054af7a734bfa7a"
"py","validate-mermaid-er","hbc","hbc/hbc-create-er-diagram/scripts/validate-mermaid-er.py","4a65f625119e7754f55c5abb6390a8b1db0d8f4395884866745f88606c94edea"
"py","validate-requirements","hbc","hbc/hbc-create-requirements/scripts/validate-requirements.py","7c85dca90af2afd3812f74a8003a492dfd7a6e62ec755d9fb8d002eb14554913"
"py","validate-task-breakdown","hbc","hbc/hbc-task-breakdown/scripts/validate-task-breakdown.py","1e48e72dad31f6f6dbc09df9af54a206de4d207d43a3f4e7575430a789b3d681"
"py","validate-test-execution","hbc","hbc/hbc-test-execution/scripts/validate-test-execution.py","59cf453eeef5c8549a73a6e6111362d0bc6cf2c95f40ecc336003db29ea2d4dd"
"py","validate-test-plan","hbc","hbc/hbc-create-test-plan/scripts/validate-test-plan.py","be1419bda16785142e1ea57c5bdc4ddd9ee0f83f06608d9bde7845788e4aff45"
"py","validate-test-spec","hbc","hbc/hbc-create-test-spec/scripts/validate-test-spec.py","429a69c241ecd1ec416c469d06adf4e25a45b9051d2b0a6bba3463f678c42d90"
"toml","customize","hbc","hbc/hbc-agent-ba/customize.toml","9e0f123f09b7f56f6a2dc3e43e2995e910645b5851cb655acd3cca83c56f65db"
"toml","customize","hbc","hbc/hbc-agent-architect/customize.toml","756ef7b50576cbea0b7abcf61d43e651ee1489aae47b80a142618a6508a02812"
"toml","customize","hbc","hbc/hbc-agent-qa/customize.toml","994ba7d16459dd1bfd9fe037fdaa00f6ea7d0012f87372891278de486f2e2877"
"toml","customize","hbc","hbc/hbc-agent-dev/customize.toml","60567f4ed1d4613b29387da185ffbd6130f92d8bcb4b2df301a0b6d1330f323e"
"toml","customize","hbc","hbc/hbc-agent-tester/customize.toml","c40ffa7c771457d1cdf5c980882d83188bc5905454508de000b40b9197507a36"
"toml","customize","hbc","hbc/hbc-create-requirements/customize.toml","6da5b1c709703d5b38c614deb781e524ce46803e25eb322ebc1bb85e3288aec2"
"toml","customize","hbc","hbc/hbc-create-glossary/customize.toml","b5f41adfa99e83848c51bb0eefa318e426ee0a5bddfa7d087d70898b1bf8ec39"
"toml","customize","hbc","hbc/hbc-create-business-flow-diagram/customize.toml","85110333ce7f777f4ec2a155e78e4c9b3cb79f6a51594524dc63d3db4fc248e0"
"toml","customize","hbc","hbc/hbc-create-er-diagram/customize.toml","9cb04907b90cd0d733d51c0e6ed5bb626bca799995ca33b6ae6a433c58ad8a67"
"toml","customize","hbc","hbc/hbc-create-coding-standards/customize.toml","b42ab821785319bfc2ba92d8aee9b09002e62b076d8336b497c6e5af9ae7359a"
"toml","customize","hbc","hbc/hbc-create-api-spec/customize.toml","03791af6e93750572b25b326cb69724a63911cf06ef6d057a3541609dd964041"
"toml","customize","hbc","hbc/hbc-create-test-plan/customize.toml","71dbedfa4a64c6a3a1e32485f43f69bdc2a47e24b1743c8973f0166bee903fb9"
"toml","customize","hbc","hbc/hbc-create-test-spec/customize.toml","1c77234c515255c6fba2d5bae9cafbc4416cd1de2351998a43eb74f5805eef90"
"toml","customize","hbc","hbc/hbc-task-breakdown/customize.toml","d6ae38572c7dcd7ec896f175b5d835b5ffaac86e074a8caf7e6ddfa21f98dcae"
"toml","customize","hbc","hbc/hbc-implement/customize.toml","242c50f27956d749c1e1e5fc187abe5b35d3d0ff7458724d1b78459bf6706326"
"toml","customize","hbc","hbc/hbc-test-execution/customize.toml","9b1fb9d8a355b9d865d84f22717e87e5f7b2dff0203c2df860ae9a11e214938c"
"toml","customize","hbc","hbc/hbc-acceptance-check/customize.toml","b8d5fe8f4abb468d83da1310898ffe2c03a58fce075e42c9e6a4c25ff813824c"
"toml","customize","hbc","hbc/hbc-phase-gate/customize.toml","c2dee46c4b5e695e21370b6c58fed97d91a8b43b49a9a25f7f99209f9d63d234"
"toml","customize","hbc","hbc/hbc-traceability/customize.toml","7505f244475688f642a07309bed8be6422f8ac7522dc53c6acca57f39f78c246"
"yaml","config","hbc","hbc/config.yaml","cf59bea710429517af7f2f77f496a58c6d56172468b05333e608c5d26c710232"
"yaml","module","hbc","hbc/hbc-setup/assets/module.yaml","c26deea6b6a2a305db7b9a8c8a64c41ff0c511de2aeb505eadfe7005f6bc445d"
"py","resolve_config","scripts","scripts/resolve_config.py","8e326149d9170477ecc21aa2aa2389d8fbaa5d1cd95db2de2ad33029ce8ae528"
"py","resolve_customization","scripts","scripts/resolve_customization.py","a56abc64ffc8924f8ded95562c7ef3f6d7f1b18f0724289fd3b95fda3567dab4"
"py","test_resolve_customization","scripts","scripts/tests/test_resolve_customization.py","3c93a68544b28e10c08fe4f8c24f296926e69bf142ace13d1c30867e3283c4cb"
